Supplier Name,Product name,Brand,EAN,Supplier Cost,Supplier stock,MPN
Wall-Universe,AMD Ryzen 5 3600 - 3.6 GHz - 6 cores,AMD,0730143314299,67.1,46,AM-100-100000031SBX
Wall-Universe,Bestron 2-in-1 Raclette-Partygrill: elektrisches Raclette fü,BESTRON,8712184057634,,1,BE-8712184057634-C
Wall-Universe,Bestron 3-in-1 Sandwich-Kontaktgrill ASM8010,BESTRON,8712184035991,,2,BE-8712184035991-C
Wall-Universe,"Bestron 4-in-1 Küchenmaschine, 7 Geschwindigkeitsstufen, ink",BESTRON,8712184055692,,6,BE-8712184055692-C
Wall-Universe,Bestron ABP600,BESTRON,8712184053735,,2,BE-8712184053735-C
Wall-Universe,Bestron ABP603,BESTRON,8712184053766,,2,BE-8712184053766-C
Wall-Universe,Bestron ACG1000CO elektrische Kaffeemühle,BESTRON,8712184055777,,3,BE-8712184055777-C
Wall-Universe,Bestron AG2000BB,BESTRON,8712184056644,,5,BE-8712184056644-C
Wall-Universe,Bestron AJA802T Elektrische Barbecue - Tafelmodel AJA802T,BESTRON,8712184029662,,1,BE-8712184029662-C
Wall-Universe,Bestron AJA902SQ,BESTRON,,,5,BE-26028149-C
Wall-Universe,Bestron AMC2000B,BESTRON,8712184056767,,2,BE-8712184056767-C
Wall-Universe,Bestron AMK800STE Milk Frother,BESTRON,8712184057559,,1,BE-8712184057559-C
Wall-Universe,Bestron AOV31,BESTRON,8712184053797,,1,BE-8712184053797-C
Wall-Universe,Bestron AOV45,BESTRON,8712184053803,,3,BE-8712184053803-C
Wall-Universe,Bestron APD600Z,BESTRON,8712184058686,,1,BE-8712184058686-C
Wall-Universe,Bestron APFM700W Waffle maker,BESTRON,8712184053971,,1,BE-8712184053971-C
Wall-Universe,Bestron APZ400Z,BESTRON,8712184058228,,2,BE-8712184058228-C
Wall-Universe,Bestron ASC150CO Slowcooker,BESTRON,8712184061808,,1,BE-8712184061808-C
Wall-Universe,Bestron ASC450CO Slow Cooker Kupfer,BESTRON,8712184054350,,1,BE-8712184054350-C
Wall-Universe,Bestron ASM13XXLZ Sandwichmaker XXL,BESTRON,8712184058501,,1,BE-8712184058501-C
Wall-Universe,Bestron ASM90XLTG Sandwich Maker XL,BESTRON,8712184058907,,1,BE-8712184058907-C
Wall-Universe,Bestron ATO800STE Toaster,BESTRON,8712184057474,,1,BE-8712184057474-C
Wall-Universe,Bestron ATS200SPNO Wasserkocher,BESTRON,8712184060313,,21,BE-8712184060313-C
Wall-Universe,Bestron ATS300SPNO Toaster Grün,BESTRON,8712184060375,,7,BE-8712184060375-C
Wall-Universe,Bestron ATS400Z Toaster,BESTRON,8712184059997,,1,BE-8712184059997-C
Wall-Universe,Bestron AVC800,BESTRON,8712184053636,,4,BE-8712184053636-C
Wall-Universe,Bestron AWK2200BWDKL,BESTRON,8712184061297,,154,BE-8712184061297-C
Wall-Universe,Bestron AWK780G Wasserkocher Glas,BESTRON,8712184060634,,1,BE-8712184060634-C
Wall-Universe,Bestron Akku-Handstaubsauger AVC225W,BESTRON,8712184030309,,119,BE-8712184030309-C
Wall-Universe,Bestron Antihaftbeschichteter 3-in-1 Sandwich-Toaster ADM200,BESTRON,8712184047406,,3,BE-8712184047406-C
Wall-Universe,"Bestron Brüsseler Waffeleisen mit Antihaftbeschichtung, 1100",BESTRON,8712184052462,,34,BE-8712184052462-C
Wall-Universe,"Bestron Digitaler Wasserkocher AWK780G Blau 2200 W 1,7 L Gla",BESTRON,8712184055500,,5,BE-8712184055500-C
Wall-Universe,Bestron Doppel Herzwaffeleisen ADWM730S,BESTRON,8712184058273,,10,BE-8712184058273-C
Wall-Universe,Bestron Egg Cooker AEC300Z,BESTRON,8712184060658,,21,BE-8712184060658-C
Wall-Universe,Bestron Elektrische Party-/Snackpfanne mit Antihaftbeschicht,BESTRON,8712184053711,,10,BE-8712184053711-C
Wall-Universe,Bestron Elektrische Partypfanne AHP1500Z,BESTRON,8712184054916,,5,BE-8712184054916-C
Wall-Universe,"Bestron Elektrische Partypfanne, XXL-Multifunktionspfanne Ø4",BESTRON,8712184056484,,7,BE-8712184056484-C
Wall-Universe,"Bestron Elektrischer Grill-Pizzaofen, Viva Italia, Ober-/Unt",BESTRON,8712184044771,,5,BE-8712184044771-C
Wall-Universe,"Bestron Elektrischer Wok mit Bambusgriffen, XL-Wokpfanne mit",BESTRON,8712184056354,,2,BE-8712184056354-C
Wall-Universe,Bestron Grill-Backofen 2.000 W 55 L AOV55,BESTRON,8712184053810,,3,BE-8712184053810-C
Wall-Universe,Bestron Kaffeemaschine ACM100SPNG,BESTRON,8712184060238,,14,BE-8712184060238-C
Wall-Universe,Bestron Kaffeemaschine ACM800FRS,BESTRON,8712184059249,,28,BE-8712184059249-C
Wall-Universe,Bestron Kaffeemaschine mit 2 Theromkannen ACM900TD,BESTRON,8712184056668,,2,BE-8712184056668-C
Wall-Universe,Bestron Kaffeemaschine mit Thermo Kanne ACM100SPNO,BESTRON,8712184060252,,60,BE-8712184060252-C
Wall-Universe,Bestron Kaffeemaschine mit Thermobecher to go ACM112Z,BESTRON,8712184056446,,29,BE-8712184056446-C
Wall-Universe,Bestron Kaffeemaschine mit Thermokanne ACM900TS,BESTRON,8712184058020,,1,BE-8712184058020-C
Wall-Universe,"Bestron Kompakter Mini-Backofen mit Ober-/Unterhitze, 20 Lit",BESTRON,8712184053780,,2,BE-8712184053780-C
Wall-Universe,"Bestron Kontaktgrill mit Auffangschale, Sandwichmaker mit Co",BESTRON,8712184052332,,25,BE-8712184052332-C
Wall-Universe,Bestron Küchenmaschine AKM900SS,BESTRON,8712184062379,,30,BE-8712184062379-C
Wall-Universe,"Bestron Mobile Klimaanlage, Klimagerät für Räume bis 24m², K",BESTRON,8712184056811,,4,BE-8712184056811-C
Wall-Universe,"Bestron Mobile Klimaanlage, Klimagerät für Räume bis 36m², K",BESTRON,8712184055647,,8,BE-8712184055647-C
Wall-Universe,Bestron Multifunktion Snackpfanne AHP1200TG,BESTRON,8712184062539,,30,BE-8712184062539-C
Wall-Universe,"Bestron Pizzaofen für bis zu 8 Personen, Pizza dome für klei",BESTRON,8712184058693,,7,BE-8712184058693-C
Wall-Universe,Bestron Plancha-Tischgrill ABP605,BESTRON,8712184057900,,2,BE-8712184057900-C
Wall-Universe,"Bestron Power Handmixer, Elektrischer Handrührer mit 2 Schne",BESTRON,8712184056422,,53,BE-8712184056422-C
Wall-Universe,Bestron Raclette ARC650,BESTRON,8712184055227,,1,BE-8712184055227-C
Wall-Universe,"Bestron Raclette für 1 bis 2 Personen, Mini Tischgrill mit z",BESTRON,8712184057825,,2,BE-8712184057825-C
Wall-Universe,Bestron Sandwichgrill ASM750Z,BESTRON,8712184056095,,4,BE-8712184056095-C
Wall-Universe,Bestron Sandwichmaker,BESTRON,8712184052400,,7,BE-8712184052400-C
Wall-Universe,"Bestron Schokoladenbrunnen mit 3 Etagen, Funcooking, 60 Watt",BESTRON,8712184056286,,18,BE-8712184056286-C
Wall-Universe,Bestron Staubsauger ABG450BSE,BESTRON,8712184052196,,44,BE-8712184052196-C
Wall-Universe,Bestron Teppanyaki Grillplatte ABP602BB im Asia Design,BESTRON,8712184056545,,1,BE-8712184056545-C
Wall-Universe,Bestron Tischgrill ABBQ2000CO,BESTRON,8712184057139,,1,BE-8712184057139-C
Wall-Universe,Bestron Waffeleisen AWM700S,BESTRON,8712184056729,,2,BE-8712184056729-C
Wall-Universe,Bestron Waffle Maker,BESTRON,8712184059300,,1,BE-8712184059300-C
Wall-Universe,"Bestron Wasserkocher - Fassungsvermögen: 1,7 Liter - Watt: 2",BESTRON,8712184055739,,21,BE-8712184055739-C
Wall-Universe,"Bestron Wasserkocher 0,9 L 500 W Schwarz AWK810",BESTRON,8712184024162,,6,BE-8712184024162-C
Wall-Universe,Bestron Wasserkocher AWK800FRS,BESTRON,8712184059225,,97,BE-8712184059225-C
Wall-Universe,Bestron Wasserkocher AWK800STE,BESTRON,8712184057450,,1,BE-8712184057450-C
Wall-Universe,"Bestron Wasserkocher im Retro/Vintage Design, 1,7 Liter",BESTRON,8712184057177,,9,BE-8712184057177-C
Wall-Universe,Bestron Wasserkocher in schwarz AWK1101Z,BESTRON,8712184047284,,7,BE-8712184047284-C
Wall-Universe,"Bestron XL Bambus Raclette Grill, elektrisches Party-Raclett",BESTRON,8712184057887,,1,BE-8712184057887-C
Wall-Universe,Bestron broodrooster zwart ayt600z,BESTRON,8712184052103,,1,BE-8712184052103-C
Wall-Universe,"Bestron elektrische Fondue Set für bis zu 8 Personen, mit 8x",BESTRON,8712184055487,,1,BE-8712184055487-C
Wall-Universe,"Bestron elektrische Zitrus- & Orangenpresse, inkl. 2 Presske",BESTRON,8712184055449,,1,BE-8712184055449-C
Wall-Universe,"Bestron elektrischer Kontaktgrill mit Auffangschale, Sandwic",BESTRON,8712184036073,,8,BE-8712184036073-C
Wall-Universe,"Bestron elektrischer Milchaufschäumer, mit 360° Basis, bis z",BESTRON,8712184057597,,4,BE-8712184057597-C
Wall-Universe,"Bestron elektrischer Tischgrill, XXL Plancha-/Teppanyaki-Gri",BESTRON,8712184038282,,3,BE-8712184038282-C
Wall-Universe,Bestron poffertjesmaker zwart apfm700z,BESTRON,8712184053995,,2,BE-8712184053995-C
Wall-Universe,"Bestron slowcooker 3,5l rvs asc350",BESTRON,8712184055401,,4,BE-8712184055401-C
Wall-Universe,Bestron toaster ATS300SPNG,BESTRON,8712184060337,,11,BE-8712184060337-C
Wall-Universe,Bose QC Ultra - Headphones with mic black,BOSE,0017817846172,332.07,1,BO-880066-0100
Wall-Universe,Dahua 24-Port Gigabit Switch,DAHUA,6939554912900,72.19,1,DA-DH-PFS3024-24GT
Wall-Universe,Dahua Smart H.265+ Flame Detection Network Camera,DAHUA,6923172548511,159.93,1,DA-DHI-HY-FT121LD
Wall-Universe,Dahua Wireless Router,DAHUA,6923172524027,39.98,1,DA-DH-WR5210-IDC
Wall-Universe,De Longhi Nespresso Essenza Mini EN85.B - black,DE LONGHI,8004399332928,66.52,49,DL-EN85.B
Wall-Universe,De Longhi Nespresso Essenza Mini EN85.B - red,DE LONGHI,8004399332096,66.52,20,DL-EN85.R
Wall-Universe,De Longhi Nespresso Inissia EN 80.B - black,DE LONGHI,8004399327924,66.52,61,DL-EN80.B
Wall-Universe,Dreame Bot D10 Plus Gen. 2 - Vacuum cleaner - white,DREAME,6976233675879,244.33,143,DR-RLD32GD
Wall-Universe,EPOS | SENNHEISER Impact SC 60 USB ML,EPOS | SENNHEISER,5714708003526,22.77,2250,SE-1000551
Wall-Universe,EVERYBOT EDGE2 Dual-Spin Robot MOP Cleaner RS350,EVERYBOT,8809483220811,166.59,8,EV-RS350
Wall-Universe,Fanvil CA400 Personal video conferencing system - black,FANVIL,6937295604665,316.76,3,FA-CA400
Wall-Universe,Fanvil HT302U USB Dual Headset black,FANVIL,6937295604085,16.47,17,FA-HT302-U
Wall-Universe,Fanvil I63 - Door phone - with camera - grey/black,FANVIL,6937295602920,153.7,1,FA-I63
Wall-Universe,Fanvil V64 - VoIP phone with caller ID/call waiting,FANVIL,6937295602869,80.58,5,FA-V64
Wall-Universe,Fanvil V65 - VoIP phone with caller ID/call waiting,FANVIL,6937295602845,119.92,5,FA-V65
Wall-Universe,Fanvil W611W V2 Portable WiFi Phone SIP Wi-Fi - SIP - WLAN,FANVIL,6937295604801,139.16,2,FA-W611W V2
Wall-Universe,Fanvil X305 Big Button IP Phone white,FANVIL,6937295604368,93.09,2,FA-X305
Wall-Universe,Fanvil X6U V2 High-end business phone with Gigabit SIP POE,FANVIL,6937295603057,116.1,1,FA-X6U V2
Wall-Universe,Fanvil Y501W SIP Healthcare Intercom Wi-Fi,FANVIL,6937295604405,71.51,1,FA-Y501W
Wall-Universe,Fanvil i66 Face Recognition Door Phone,FANVIL,6937295604955,308.51,1,FA-I66
Wall-Universe,Fitbit Charge 6 Obsidian / Black Aluminium,FITBIT,0840353901025,116.61,1,FI-GA05183-EU
Wall-Universe,Fitbit MORGAN Infinity Band Lunar White Large,FITBIT,0810038857084,7.44,379,FI-FB181ABWTL
Wall-Universe,Gamma PLAFONDLAMP MAGNUS MAT WIT,BESTRON,8711297426368,,30,GA-8711297426368-A
Wall-Universe,"Garmin Forerunner 255 GPS - 3.3 cm (1.3"") - Blue",GARMIN,0753759279882,209.9,523,GA-010-02641-11
Wall-Universe,"Garmin Forerunner 255 GPS - 3.3 cm (1.3"") - Slate Grey",GARMIN,0753759279875,209.9,799,GA-010-02641-10
Wall-Universe,Garmin Forerunner 255 Music - 46 mm - Whitestone,GARMIN,0753759279967,244.33,56,GA-010-02641-31
Wall-Universe,Garmin Forerunner 55 GPS sports watch 42 mm - Aqua Green,GARMIN,0753759279653,144.27,1689,GA-010-02562-12
Wall-Universe,Garmin Forerunner 745 GPS - Magma red,GARMIN,0753759261429,249.89,20,GA-010-02445-12
Wall-Universe,"Garmin Forerunner 955 Sport watch - 3.3 cm (1.3"") - black",GARMIN,0753759297060,344.29,169,GA-010-02638-30
Wall-Universe,Garmin Forerunner 955 Sport watch - 3.3 cm - whitestone,GARMIN,0753759297077,344.29,86,GA-010-02638-31
Wall-Universe,Garmin HRM-Pro Plus Heart rate monitor,GARMIN,0753759300883,88.74,102,GA-010-13118-00
Wall-Universe,Garmin Instinct 2 Solar - 45 mm - graphite,GARMIN,0753759278861,254.33,60,GA-010-02627-00
Wall-Universe,Garmin Instinct 2 Solar - Tactical Edition - black,GARMIN,0753759278892,260.99,183,GA-010-02627-03
Wall-Universe,Garmin Instinct 2S - 40 mm - graphite,GARMIN,0753759278625,172.14,73,GA-010-02563-00
Wall-Universe,Garmin Instinct 2S Solar - 40 mm - graphite,GARMIN,0753759278700,222.12,190,GA-010-02564-00
Wall-Universe,Garmin Instinct 2X Solar - 50 mm Tactical Edition black,GARMIN,0753759319359,327.63,13,GA-010-02805-03
Wall-Universe,Garmin Instinct 2X Solar - 50 mm flame red,GARMIN,0753759319335,287.65,128,GA-010-02805-01
Wall-Universe,Garmin Instinct 2X Solar - 50 mm graphite,GARMIN,0753759319328,287.65,72,GA-010-02805-00
Wall-Universe,Garmin Instinct 2X Solar - 50 mm moss,GARMIN,0753759319373,287.65,22,GA-010-02805-05
Wall-Universe,Garmin Instinct 2X Solar - 50 mm whitestone,GARMIN,0753759319366,287.65,13,GA-010-02805-04
Wall-Universe,Garmin Venu 2 - black,GARMIN,0753759271824,205.46,130,GA-010-02430-11
Wall-Universe,Garmin Venu 2S - graphite,GARMIN,0753759271879,227.67,5,GA-010-02429-10
Wall-Universe,Garmin Venu Sq2 - Shadow grey,GARMIN,0753759304829,176.59,100,GA-010-02701-10
Wall-Universe,Garmin fenix 7X Solar - 51 mm - slate gray w/black band,GARMIN,0753759278212,475.34,50,GA-010-02541-01
Wall-Universe,Garmin vivoactive 5 - Metallic Navy,GARMIN,0753759324926,211.01,175,GA-010-02862-12
Wall-Universe,Garmin vivoactive 5 - Slate / Black,GARMIN,0753759324902,211.01,46,GA-010-02862-10
Wall-Universe,GoPro Fusion 360°,GOPRO,0818279022667,235.45,66,GO-CHDHZ-103
Wall-Universe,GoPro Hero 13 Black,GOPRO,0810116381616,320.96,242,GO-CHDHX-131-RW
Wall-Universe,Google Nest Mini - Gen 2 Chalk - ES,GOOGLE,0193575000800,33.32,142,GO-GA00638-ES
Wall-Universe,Google Pixel Watch Wifi champagne gold/hazel,GOOGLE,0840244602710,117.61,1,GO-GA04123-DE
Wall-Universe,Google Pixel Watch Wifi matte black/obsidian,GOOGLE,0840244600082,117.61,2,GO-GA03119-DE
Wall-Universe,HIFUTURE ALPHA black,HIFUTURE,6972576181541,27.99,10,HI-FUTUREALPHA-BK
Wall-Universe,HIFUTURE ALPHA blue,HIFUTURE,6972576181558,27.99,10,HI-FUTUREALPHA-BL
Wall-Universe,HIFUTURE ALPHA red,HIFUTURE,6972576181640,27.99,8,HI-FUTUREALPHA-RE
Wall-Universe,HIFUTURE ALTUS blue,HIFUTURE,6972576181329,13.22,38,HI-FUTUREALTUS-BL
Wall-Universe,HIFUTURE APEX Smartwatch Black,HIFUTURE,6972576181411,56.53,25,HI-FUTURE APEX-BL
Wall-Universe,HIFUTURE COLORBUDS2 true wireless stereo earbuds black,HIFUTURE,6972576181091,10.28,120,HI-FUTURECOLORBUDS2-BL
Wall-Universe,HIFUTURE COLORBUDS2 true wireless stereo earbuds white,HIFUTURE,6972576181107,10.28,165,HI-FUTURECOLORBUDS2-WH
Wall-Universe,HIFUTURE EVO2 Smartwatch Beige,HIFUTURE,6972576181725,15.44,35,HI-FUTURE EVO2-BE
Wall-Universe,HIFUTURE EVO2 Smartwatch Black,HIFUTURE,6972576181701,15.44,32,HI-FUTURE EVO2-BK
Wall-Universe,HIFUTURE EVO2 Smartwatch Rose Gold,HIFUTURE,6972576181718,15.44,50,HI-FUTURE EVO2-RS
Wall-Universe,HIFUTURE GRAVITY black,HIFUTURE,6972576181121,46.47,6,HI-FUTUREGRAVITY-BL
Wall-Universe,HIFUTURE RIPPLE black,HIFUTURE,6972576181039,33.54,32,HI-FUTURERIPPLE-BL
Wall-Universe,HIFUTURE SonicAir true wireless stereo earbuds champagn gold,HIFUTURE,6972576181671,12.11,40,HI-FUTURESONICAIR-CG
Wall-Universe,HIFUTURE SonicAir true wireless stereo earbuds white,HIFUTURE,6972576181664,12.11,20,HI-FUTURESONICAIR-WH
Wall-Universe,HIFUTURE TOUR ANC wireless headphone black,HIFUTURE,6972576180964,22.04,107,HI-FUTURETOUR-BL
Wall-Universe,HIFUTURE TOUR PRO ANC wireless headphone black,HIFUTURE,6972576181350,43.94,13,HI-FUTURETOUR PRO-BL
Wall-Universe,HIFUTUREFIT FUTUREGO Mix2 Raven Black,HIFUTURE,6972576181008,56.5,30,HI-FUTUREFIT FUTUREGO MIX2-RBL
Wall-Universe,HIFUTUREFIT ULTRA2 Pro Black,HIFUTURE,6972576181145,34.65,30,HI-FUTUREFIT ULTRA2 PRO-BL
Wall-Universe,HIFUTUREFIT ULTRA2 Pro Metallic Grey,HIFUTURE,6972576181152,34.65,30,HI-FUTUREFIT ULTRA2 PRO-MG
Wall-Universe,HIFUTUREFIT ULTRA3 Black,HIFUTURE,6972576181466,32.92,127,HI-FUTUREFIT ULTRA3-BL
Wall-Universe,HIFUTUREFIT ZONE2 Aluminum Alloy Smartwatch Black,HIFUTURE,6972576181244,20.99,38,HI-FUTUREFIT ZONE2-BL
Wall-Universe,HIFUTUREFIT ZONE2 Aluminum Alloy Smartwatch Silver White,HIFUTURE,6972576181268,20.99,5,HI-FUTUREFIT ZONE2-SW
Wall-Universe,HIFUTUREGO PRO Aluminum Alloy Smartwatch Silver,HIFUTURE,6972576180919,50.18,25,HI-FUTUREGO PRO
Wall-Universe,HP POLY Voyager 5200 USB-A Bluetooth Headset + BT700 Dongle,HP POLY,0197192519974,81.07,130,HP-7K2F3AA
Wall-Universe,HP Poly Blackwire 3225 USB-C black,HP POLY,0197498433080,35.54,445,HP-8X229A6
Wall-Universe,HP Poly Voyager 5200 UC  Bluetooth Headset + BT600 Dongle,HP POLY,0197192519851,83.3,1265,HP-7K2E1AA
Wall-Universe,Harman Kardon JBL Boombox 3 - Boombox speaker - black,HARMAN KARDON,6925281998768,320.96,1,HK-JBLBOOMBOX3BLKEP
Wall-Universe,JBL Charge 5 - Speaker - for portable use - black,JBL,6925281982088,113.28,318,JB-JBLCHARGE5BLK
Wall-Universe,JBL Charge 5 - Speaker - for portable use - blue,JBL,6925281982095,114.39,61,JB-JBLCHARGE5BLU
Wall-Universe,JBL Charge 5 - Speaker - for portable use - green,JBL,6925281982132,113.28,40,JB-JBLCHARGE5GRN
Wall-Universe,JBL Charge 5 - Speaker - for portable use - grey,JBL,6925281982118,115.5,13,JB-JBLCHARGE5GRY
Wall-Universe,JBL Charge 5 - Speaker - for portable use - red,JBL,6925281982101,114.39,16,JB-JBLCHARGE5RED
Wall-Universe,JBL Charge 5 - Speaker - for portable use - white,JBL,6925281988158,114.39,43,JB-JBLCHARGE5WHT
Wall-Universe,JBL Flip 6 - Speaker - for portable use - midnight black,JBL,6925281994258,91.07,1,HK-JBLFLIP6BLKEU
Wall-Universe,JBL Quantum TWS black - True wireless earphones with mic,HARMAN KARDON,6925281958281,55.53,200,HK-JBLQUANTUMTWSBLK
Wall-Universe,JBL TUNE 520BT - Headphones with mic blue,HARMAN KARDON,6925281964749,29.71,280,HK-JBLT520BTBLUEU
Wall-Universe,JBL TUNE 720BT - Headphones with mic black,HARMAN KARDON,6925281967061,47.2,34,HK-JBLT720BTBLK
Wall-Universe,JBL TUNE 720BT - Headphones with mic blue,HARMAN KARDON,6925281967085,47.2,60,HK-JBLT720BTBLU
Wall-Universe,JBL TUNE 770NC black - Earphones with mic,HARMAN KARDON,6925281974526,66.64,274,HK-JBLT770NCBLK
Wall-Universe,JBL TUNE Flex - True wireless earphones with mic - white,HARMAN KARDON,6925281930584,49.75,115,HK-JBLTFLEXWHT
Wall-Universe,Jabra BIZ 2300 QD Duo,JABRA,5706991016468,66.64,103,JA-2309-820-104
Wall-Universe,Jabra BIZ 2300 QD Mono,JABRA,5706991016437,56.64,40,JA-2303-820-104
Wall-Universe,Jabra Evolve 40 MS Mono,JABRA,5706991017038,65.11,137,JA-6393-823-109
Wall-Universe,Jabra Evolve2 30 UC Mono - Headset,JABRA,5706991024739,49.98,337,JA-23089-889-979
Wall-Universe,Jabra Evolve2 55 MS Stereo USB C,JABRA,5706991027570,158.7,7,JA-25599-999-889
Wall-Universe,Jabra Evolve2 65 Flex MS Stereo USB-A black,JABRA,5706991029093,159.93,228,JA-26699-999-999
Wall-Universe,Jabra Evolve2 65 MS Mono USB-C beige with Stand,JABRA,5706991023039,112.17,142,JA-26599-899-888
Wall-Universe,Jabra Evolve2 65 UC Mono USB-C beige,JABRA,5706991023091,103.29,99,JA-26599-889-898
Wall-Universe,Jabra Evolve2 65 UC Mono USB-C beige with Stand,JABRA,5706991023114,112.17,181,JA-26599-889-888
Wall-Universe,Jabra Evolve2 85 UC Stereo USB-C with chargingstation,JABRA,5706991023251,332.07,3,JA-28599-999-889
Wall-Universe,Jabra GN1200 CC 2m coiled QD to mod plug,JABRA,5706991004151,14.33,1178,JA-88011-99
Wall-Universe,Jabra Headset cable,JABRA,5706991005622,20.99,243,JA-8735-019
Wall-Universe,"Jabra Kabel QD jack 2,5 mm",JABRA,5706991001792,9.88,262,JA-8800-00-46
Wall-Universe,Jabra Speak 810 MS,JABRA,5706991018448,310.97,10,JA-7810-109
Wall-Universe,Jabra Speak 810 UC,JABRA,000000810-209,310.97,29,JA-7810-209
Wall-Universe,"Jabra cord QD jack 3,5 mm",JABRA,5706991012972,10.99,2029,JA-8800-00-99
Wall-Universe,KOPP 140410048 Rubber extension lead - black 10m,KOPP,4008224227285,,500,KO-1404.1004.8
Wall-Universe,KOPP 143201018 Rubber extension lead - white 3m,KOPP,4008224233903,,500,KO-1432.0101.8
Wall-Universe,KOPP 143205043 Rubber extension lead - black 3m,KOPP,4008224471602,,500,KO-1432.0504.3
Wall-Universe,KOPP 194002002 STANDARD - Stove junction box - white,KOPP,4008224212472,,500,KO-1940.0200.2
Wall-Universe,"KOPP 195302174 Day timer mini, mechanical",KOPP,4008224608442,,500,KO-1953.0217.4
Wall-Universe,KOPP 195904017 LED Night light with 3 LED,KOPP,4008224602044,,500,KO-1959.0401.7
Wall-Universe,"KOPP 234102006 DUOversal PLUS 6=12 - white 1,4m",KOPP,4008224618977,,500,KO-2341.0200.6
Wall-Universe,KOPP 292204018 Country plug AUS/CN,KOPP,4008224642620,,500,KO-4741.0101.6
Wall-Universe,"KOPP 292204018 Funk set: 1x remote control, 3x adapter",KOPP,4008224531818,,500,KO-2922.0401.8
Wall-Universe,KOPP 305913063 MILANO Cover frame 4 fold,KOPP,4008224585804,,500,KO-3059.1306.3
Wall-Universe,"KOPP 324203013 Voltage tester, 2-pole",KOPP,4008224610148,,500,KO-3242.0301.3
Wall-Universe,KOPP 55565133 Series pressure clip,KOPP,8711306751337,,500,KO-5556.5133
Wall-Universe,KOPP 823817016 INFRAcontrol R 180° - black,KOPP,4008224605953,,500,KO-8238.1501.4
Wall-Universe,KOPP 823817016 INFRAcontrol R 180° - white,KOPP,4008224605946,,500,KO-8238.1701.6
Wall-Universe,Kieslect Calling Watch Ks Pro Silver,KIESLECT,6974377570463,61.64,187,KI-YFT2056EU
Wall-Universe,Kieslect Calling Watch Ks Pro black,KIESLECT,6974377570500,61.64,81,KI-YFT2064EU
Wall-Universe,LG GSLC40SWPE American refrigerator,LG,8806096031407,,11,LG-GSLC40SWPE-RF
Wall-Universe,Lightzone Zonne Zomer-Deco wknf7376,LIGHTZONE ZONNE,,,51,LI-23005457-A
Wall-Universe,Marshall Emberton II - Speaker - black and brass,MARSHALL,7340055391368,88.29,455,MA-1006234
Wall-Universe,Marshall MAJOR IV - Headphones with mic - black,MARSHALL,7340055379458,67.64,582,MA-1005773
Wall-Universe,Marshall MAJOR V - Headphones - black,MARSHALL,7340055401104,103.17,161,MA-1006832
Wall-Universe,Marshall MAJOR V - Headphones - brown,MARSHALL,7340055401128,97.73,162,MA-1006834
Wall-Universe,Marshall MONITOR II A.N.C. - Headphones with mic,MARSHALL,7340055366410,154.37,1278,MA-1005228
Wall-Universe,Marshall Willen - Speaker - Cream,MARSHALL,7340055392372,81.3,188,MA-1006294
Wall-Universe,Marshall Willen - Speaker - black and brass,MARSHALL,7340055386593,81.3,178,MA-1006059
Wall-Universe,MomCozy Baby Wrap Carrier Slings,MOMCOZY,0647168301633,24.43,1,MO-M20SSCJ01-US
Wall-Universe,MomCozy Breastmilk Storage Bags 120 pcs,MOMCOZY,0647168301169,14.44,6,MO-MCBYB10-NA00NB-MB
Wall-Universe,MomCozy J Shaped Maternity Body Pillow,MOMCOZY,0647168301190,22.21,18,MO-M21SSYZ01-US
Wall-Universe,MomCozy Nursing & Pumping Bra Beige L,MOMCOZY,0647168301305,12.22,18,MO-MCMYN08-BGLARD-MH
Wall-Universe,MomCozy Nursing & Pumping Bra Beige M,MOMCOZY,0647168301299,12.22,18,MO-MCMYN08-BGMEDD-MH
Wall-Universe,MomCozy Nursing & Pumping Bra Beige S,MOMCOZY,0647168301466,12.22,18,MO-MCMYN08-BGSMAD-MH
Wall-Universe,MomCozy Nursing & Pumping Bra Beige XL,MOMCOZY,0647168301312,12.22,17,MO-MCMYN08-BG1XLD-MH
Wall-Universe,MomCozy Nursing & Pumping Bra black L,MOMCOZY,0647168301268,12.22,16,MO-MCMYN08-BLLARD-MJ
Wall-Universe,MomCozy Nursing & Pumping Bra black M,MOMCOZY,0647168301251,12.22,16,MO-MCMYN08-BLMEDD-MJ
Wall-Universe,MomCozy Nursing & Pumping Bra black S,MOMCOZY,0647168301534,12.22,18,MO-MCMYN08-BLSMAD-YF
Wall-Universe,MomCozy Nursing & Pumping Bra black XL,MOMCOZY,0647168301275,12.22,16,MO-MCMYN08-BL1XLD-YF
Wall-Universe,MomCozy Nursing & Pumping Bra grey L,MOMCOZY,0647168301510,12.22,16,MO-MCMYN08-GRLARD-MJ
Wall-Universe,MomCozy Nursing & Pumping Bra grey M,MOMCOZY,0647168301503,12.22,16,MO-MCMYN08-GRMEDD-MH
Wall-Universe,MomCozy Nursing & Pumping Bra grey S,MOMCOZY,0647168301244,12.22,19,MO-MCMYN08-GRSMAD-MH
Wall-Universe,MomCozy Nursing & Pumping Bra grey XL,MOMCOZY,0647168301527,12.22,18,MO-MCMYN08-GR1XLD-YF
Wall-Universe,MomCozy Nursing Bra Beige 2XL,MOMCOZY,0647168301367,17.77,20,MO-MCMYN21-BG2XLC-SJ
Wall-Universe,MomCozy Nursing Bra Beige 3XL,MOMCOZY,0647168301558,17.77,20,MO-MCMYN21-BG3XLC-SJ
Wall-Universe,MomCozy Nursing Bra Beige L,MOMCOZY,0647168301343,17.77,20,MO-MCMYN21-BGLARC-SJ
Wall-Universe,MomCozy Nursing Bra Beige M,MOMCOZY,0647168301220,17.77,18,MO-MCMYN21-BGMEDC-SJ
Wall-Universe,MomCozy Nursing Bra Beige XL,MOMCOZY,0647168301350,17.77,19,MO-MCMYN21-BG1XLC-SJ
Wall-Universe,MomCozy Nursing Bra Cream 2XL,MOMCOZY,0647168301589,17.77,20,MO-MCMYN21-CR2XLC-SJ
Wall-Universe,MomCozy Nursing Bra Cream 3XL,MOMCOZY,0647168301596,17.77,20,MO-MCMYN21-CR3XLC-SJ
Wall-Universe,MomCozy Nursing Bra Cream L,MOMCOZY,0647168301565,17.77,20,MO-MCMYN21-CRLARC-SJ
Wall-Universe,MomCozy Nursing Bra Cream M,MOMCOZY,0647168301206,17.77,20,MO-MCMYN21-CRMEDC-SJ
Wall-Universe,MomCozy Nursing Bra Cream XL,MOMCOZY,0647168301572,17.77,20,MO-MCMYN21-CR1XLC-SJ
Wall-Universe,MomCozy Nursing Bra black 2XL,MOMCOZY,0647168301404,17.77,20,MO-MCMYN21-BL2XLC-SJ
Wall-Universe,MomCozy Nursing Bra black 3XL,MOMCOZY,0647168301541,17.77,20,MO-MCMYN21-BL3XLC-SJ
Wall-Universe,MomCozy Nursing Bra black L,MOMCOZY,0647168301381,17.77,17,MO-MCMYN21-BLLARC-SJ
Wall-Universe,MomCozy Nursing Bra black M,MOMCOZY,0647168301237,17.77,15,MO-MCMYN21-BLMEDC-SJ
Wall-Universe,MomCozy Nursing Bra black XL,MOMCOZY,0647168301398,17.77,17,MO-MCMYN21-BL1XLC-SJ
Wall-Universe,MomCozy Safe Dry Disposable Nursing Pads 120 pcs,MOMCOZY,0647168301619,11.11,12,MO-MCMNP01-WH00NB-HL
Wall-Universe,MomCozy Stroller Organizer with Cup Holders,MOMCOZY,0647168301626,21.1,15,MO-MC-BBSTRO001-BLACK-US
Wall-Universe,MyLoc8 - GPS tracker LTE (4G) CAT1 - blue,MYLOC8 INC,0850069040024,13.32,286,MY-MYLC003
Wall-Universe,NickWatch by Nickelodeon Kids 4G Smartwatch,TRACKIMO INC.,0850033076592,83.06,1956,TR-NICKW001-2
Wall-Universe,Oculus Meta Quest 3 (512 GB) - Virtual reality system,OCULUS,0815820024101,537.53,1,OC-899-00586-01
Wall-Universe,Oral-B Genius X Midnight Black,ORAL-B,4210201396888,61.08,204,OR-396888
Wall-Universe,POLAR H10 - Heart rate sensor Size M-XXL,POLAR,0725882051291,72.19,18,PO-92075957
Wall-Universe,POLY BlackWire C3215 Mono USB-C,POLY,0017229173163,27.65,1,PL-209750-201
Wall-Universe,POLY Savi 8240 Office,POLY,5033588053491,176.59,37,PL-210979-02
Wall-Universe,POLY US pin plug adapters,POLY,0017229130586,5.55,5590,PL-81903-05
Wall-Universe,POLY Voyager 4320 UC BT USB-C,POLY,0017229174344,110.49,43,PL-218478-01
Wall-Universe,PetLoc8 - GPS tracker for pets LTE (4G) CAT1,MYLOC8 INC,0850069040000,19.98,142,MY-MYLC001
Wall-Universe,PetLoc8 Mini - GPS tracker for pets  LTE (4G) CAT1,MYLOC8 INC,0850069040017,19.98,133,MY-MYLC002
Wall-Universe,Philips Sonicare DiamondClean HX9914/61,PHILIPS,8720689002530,184.36,10,PH-HX9914/61
Wall-Universe,Playmobil Junior Advent Calendar: Snowy Christmas,PLAYMOBIL,4008789702975,17.55,215,PL-70297
Wall-Universe,Playmobil My Life Fun Fair,PLAYMOBIL,4008789714527,21.1,250,PL-71452
Wall-Universe,Poly EncorePro 320 QD,POLY,0017229169074,32.76,61,PL-214573-01
Wall-Universe,Poly Voyager 4210 USB-A - UC Series,POLY,0017229164413,92.18,23,PL-211317-101
Wall-Universe,Pure2 Adapter 2-Pin EU to 2-Pin flat (US/CN) Power Plug,PURE2,4053214621878,2.22,1000,PU-P2-2PF2PE-B
Wall-Universe,Quigg Classic Toaster aus Edelstahl,QUIGG,,,72,QU-29055470-A
Wall-Universe,Quigg Metall-Toaster 8049,QUIGG,,,7,QU-26080499-A
Wall-Universe,REVLON RVDR5222E Salon One-Step Hot Air Brush - black/pink,REVLON,0761318352228,25.43,431,RE-RVDR5222E
Wall-Universe,Samsung Freezer RB33B612EWW - white,SAMSUNG,8806094505665,,38,SA-RB33B612EW-RF
Wall-Universe,Samsung Galaxy SmartTag2 black/white (pack of 4),SAMSUNG,8806095039763,51.08,1650,SA-EI-T5600KWEGEU
Wall-Universe,Samsung WW90T534DTW washing machine - white,SAMSUNG,8806090609015,,12,SA-WW90T534DTW/S3-RF
Wall-Universe,Sennheiser CX 300S - Earphones with mic - black,SENNHEISER,4044155245066,19.99,344,SE-508593
Wall-Universe,Sennheiser CX 300S - Earphones with mic - white,SENNHEISER,4044155245073,19.99,393,SE-508594
Wall-Universe,Sennheiser MX 375 headphones - Street Line,SENNHEISER,4044155074062,16.66,90,SE-505406
Wall-Universe,Shark FlexStyle 5-in-1 Hair styler and -dryer - black,SHARK,0622356260732,161.04,1,SH-HD440EU
Wall-Universe,SilverCrest Black / Stainless Steel Toaster STE 950 A1,SILVERCREST,4056232790697,,80,SI-4056232790697-A
Wall-Universe,SilverCrest Haar- und Bartschneider VDE,SILVERCREST,4056233344455,,254,SI-4056233344455-A
Wall-Universe,SilverCrest Haar-/Bartschneider SHBSP 800 A1,SILVERCREST,4260496240816,,118,SI-4260496240816-A
Wall-Universe,SilverCrest Haar-Bartschneider SHBS-500D3,SILVERCREST,4056232854283,,254,SI-4056232854283-A
Wall-Universe,SilverCrest Herren Rasierer GSFR-37B1-BK,SILVERCREST,4260496243978,,297,SI-4260496243978-A
Wall-Universe,SilverCrest Single-Blade Bartschneider SBSB 3.7,SILVERCREST,4260496245989,,368,SI-4260496245989-A
Wall-Universe,SilverCrest Tischluftkühler VDE 2020,SILVERCREST,4056233262124,,20,SI-4056233262124-A
Wall-Universe,SilverCrest Toaster STK 800 A1,SILVERCREST,4056233311174,,96,SI-4056233311174-A
Wall-Universe,Skullcandy BT Cassette BLACK/BLACK/GRAY,SKULLCANDY,0878615099401,24.51,120,SK-S5CSW-M448
Wall-Universe,Skullcandy BT RIFF 2 TRUE BLACK,SKULLCANDY,0810045686677,40.63,10,SK-S5PRW-P740
Wall-Universe,Skullcandy JIB W/ MIC1 MIAMI/GREY/MIAMI,SKULLCANDY,0878615092471,6.64,28,SK-S2DUY-L675
Wall-Universe,Skullcandy JIB W/ MIC1 RED/BLACK/RED,SKULLCANDY,0878615092488,6.64,18,SK-S2DUY-L676
Wall-Universe,Skullcandy Jib in ear w/ Mic1 Black/Black/Black,SKULLCANDY,0878615091382,6.64,28,SK-S2DUYK-343
Wall-Universe,Skullcandy SMOKIN BUDS TW IN-EAR BONE/ORANGE,SKULLCANDY,0810145320020,22.47,48,SK-S2TAW-S951
Wall-Universe,Skullcandy Set USBC True Black,SKULLCANDY,0810015587294,20.26,8,SK-S2SXY-N740
Wall-Universe,Sony MDR-AS210APB - In-ear sports headphones - gray,SONY,4548736033412,7.77,888,SO-MDRAS210APB.CE7
Wall-Universe,Sony PS5 Dualsense Controller nova pink,SONY,0711719575955,59.86,7,SO-1000040192
Wall-Universe,Sony WF-C500 - True wireless earphones with mic - Black,SONY,4548736130883,39.87,968,SO-WFC500B.CE7
Wall-Universe,Sony WF-C700 - White,SONY,4548736145672,77.63,1,SO-WFC700NW.CE7
Wall-Universe,Sony WH-1000XM5 -L- Midnight Blue,SONY,4548736134294,265.43,6,SO-WH1000XM5L.CE7
Wall-Universe,Sony WH-1000XM5 -S- Silver,SONY,4548736132597,260.44,1,SO-WH1000XM5S.CE7
Wall-Universe,Timekettle Translator Fluentalk T1,TIMEKETTLE,6971362040260,194.24,14,TI-FLUENTALK-T1
Wall-Universe,Timekettle Translator Fluentalk T1 mini,TIMEKETTLE,6971362040291,111.14,10,TI-FLUENTALK-T1-MINI
Wall-Universe,Timekettle WT2 Edge translator offline white,TIMEKETTLE,6971362040154,258.66,57,TI-WT2EDGEOFF
Wall-Universe,Timekettle WT2 Edge translator online white,TIMEKETTLE,6971362040147,205.79,71,TI-WT2EDGEON
Wall-Universe,USB Power US Adapter white,GAOZHOUENERGYEFFICIE,,2.21,10000,M4-050200U
Wall-Universe,Viomi V3 Max,VIOMI,6923185680802,216.57,190,VI-YMVX028CN
Wall-Universe,WD Black SN850X NVMe SSD 2TB,WESTERN DIGITAL,0718037891408,138.71,50,WD-WDS200T2X0E
Wall-Universe,Xiaomi IMILAB Auto Webcam Pro W90,XIAOMI,6973969870042,18.77,244,XI-CMSXJ23A
Wall-Universe,Xiaomi IMILAB W88 Webcam 1080p,XIAOMI,6971085313867,18.77,2,XI-CMSXJ22A
Wall-Universe,Xiaomi IMILAB W88S Web Camera,XIAOMI,6971085310312,21.66,84,XI-CMSXJ22A-S W01
Wall-Universe,Xiaomi MDY-03-AF Fast Charge with USB,XIAOMI,1000000137668,1.11,124,XI-MDY-03-AF
Wall-Universe,Xiaomi MI True Wireless Earphones 2 Pro black,XIAOMI,6934177750427,33.21,28,XI-BHR5264GL
Wall-Universe,Xiaomi Mi Imilab Smartwatch black,XIAOMI,6971085311401,24.99,374,XI-KW66A
Wall-Universe,Xiaomi Mi True Wireless Earbuds Basic 2 black,XIAOMI,6934177720482,11.66,7456,XI-BHR4272GL
Wall-Universe,Xiaomi Mi True Wireless Earphones 2 Basic White,XIAOMI,6934177718724,18.77,1752,XI-BHR4089GL
Wall-Universe,Xiaomi Smart Band 9 - Midnight Black,XIAOMI,6941812775714,30.54,90,XI-BHR8337GL
Wall-Universe,Xiaomi Smart Band 9 - glacier silver,XIAOMI,6941812775745,30.54,50,XI-BHR8340GL